"id","pri","sec","類別名稱","年期","note1","note2","describe"
"1","4231","000","中央冷暖系統","-1","None","None","None"
"2","4231","001","水冷柜機","5","None","None","None"
"3","4232","000","水管電力及氣體輸系統","-1","None","None","None"
"4","4232","001","電錶箱","5","None","None","None"
"5","4232","002","水管鋪設","5","None","None","None"
"6","4232","003","中央氣體系統","5","None","None","None"
"7","4232","004","微風發電系統裝置","5","None","None","None"
"8","4232","005","太陽能發電系統","5","None","None","None"
"9","4232","006","氣化爐","5","None","None","None"
"10","4233","000","校車","-1","None","None","None"
"11","4233","001","12座位輕型汽車","5","None","None","None"
"12","4233","002","5座位輕型汽車","5","None","None","None"
"13","4233","003","輕型電單車","5","None","None","None"
"14","4233","004","9座位輕型汽車","5","None","None","None"
"15","4234","000","電訊網絡","-1","None","None","None"
"16","4234","001","電話系統","5","None","None","None"
"17","4234","002","光纖網路鋪設","5","None","None","None"
"18","4235","000","升降系統","-1","None","None","None"
"19","4235","001","電梯","5","None","None","None"
"20","4236","000","防火及安全系統","-1","None","None","None"
"21","4236","001","聯網門禁系統","5","None","None","None"
"22","4236","002","無線防盜系統","5","None","None","None"
"23","4236","003","網絡監控系統","5","None","None","None"
"24","4236","004","圖書防盜系統","5","None","None","None"
"25","4249","000","幼兒玩具設備","-1","None","None","None"
"26","4249","001","戶外兒童樂園","5","None","None","None"
"27","4249","002","培苗樂園","5","None","None","None"
"28","4249","003","雙響筒","5","None","None","None"
"29","4249","004","八音敲琴","5","None","None","None"
"30","4249","005","手搖鈴","5","None","None","None"
"31","4249","006","腰鈴","5","None","None","None"
"32","4249","007","腕鈴/腳鈴","5","None","None","None"
"33","4249","008","動物手搖鈴","5","None","None","None"
"34","4249","009","小熊沙錘","5","None","None","None"
"35","4249","010","動物沙錘","5","None","None","None"
"36","4249","011","卡通五音木琴","5","None","None","None"
"37","4249","012","動物木制響板","5","None","None","None"
"38","4249","013","手搖小鈴鼓","5","None","None","None"
"39","4249","014","中號鈴鼓","5","None","None","None"
"40","4249","015","木制魚蛙","5","None","None","None"
"41","4249","016","直桶蛙","5","None","None","None"
"42","4249","017","印地安鼓(20cm)","5","None","None","None"
"43","4249","018","彩色五鼓(12.5cm)","5","None","None","None"
"44","4249","019","齒木","5","None","None","None"
"45","4249","020","13鈴棒鈴","5","None","None","None"
"46","4249","021","多音響桶","5","None","None","None"
"47","4249","022","金屬紗筒","5","None","None","None"
"48","4249","023","三角鐵(每邊長12.7cm)","5","None","None","None"
"49","4249","024","手提八音琴(鐵片)","5","None","None","None"
"50","4249","025","銅擦(15cm)","5","None","None","None"
"51","4249","026","銅擦(9cm)","5","None","None","None"
"52","4249","027","銅擦(7cm)","5","None","None","None"
"53","4249","028","銅擦(5.5cm)","5","None","None","None"
"54","4249","029","帶架風鈴","5","None","None","None"
"55","4249","030","椰戈鼓","5","None","None","None"
"56","4249","031","粉色軍鼓(20cm)","5","None","None","None"
"57","4249","032","八音搖鈴","5","None","None","None"
"58","4249","033","木質組合套裝樂器","5","None","None","None"
"59","4249","034","玻璃鋼城堡大型組合","5","None","None","None"
"60","4261","000","課室傢具課室傢具(中學部)","-1","None","None","None"
"61","4261","001","學生台","5","None","None","None"
"62","4261","002","學生椅","5","None","None","None"
"63","4261","003","教師台 / 講壇","5","None","None","None"
"64","4261","004","電腦台","5","None","None","None"
"65","4261","005","彎角控制台(中控教壇)","5","None","None","None"
"66","4261","006","教壇","5","None","None","None"
"67","4261","007","四層木架","5","None","None","None"
"68","4261","008","簿柜","5","None","None","None"
"69","4261","009","電視機架層板","5","None","None","None"
"70","4261","010","黑白板 / 告示綠板","5","None","None","None"
"71","4261","011","壁報板(牆氈) / 水松板","5","None","None","None"
"72","4261","012","百葉簾 / 布簾","5","None","None","None"
"73","4261","001","課室傢具(小學部)","-1","None","None","None"
"74","4261","101","學生台","5","None","None","None"
"75","4261","102","學生椅","5","None","None","None"
"76","4261","103","教師台","5","None","None","None"
"77","4261","104","電腦台","5","None","None","None"
"78","4261","105","彎角控制台(中控教壇)","5","None","None","None"
"79","4261","106","四層書包柜","5","None","None","None"
"80","4261","107","三層玩具柜 / 三層書包柜 / 三層簿柜","5","None","None","None"
"81","4261","108","小提琴柜 / 美勞柜","5","None","None","None"
"82","4261","109","圖書架 / 圖書柜","5","None","None","None"
"83","4261","110","18格 / 36格膠柜桶柜","5","None","None","None"
"84","4261","111","掛牆柜","5","None","None","None"
"85","4261","112","木柜","5","None","None","None"
"86","4261","113","教壇","5","None","None","None"
"87","4261","114","黑白板 / 告示綠板","5","None","None","None"
"88","4261","115","壁報板(牆氈) / 水松板","5","None","None","None"
"89","4261","116","鐵腳膠椅 / 鐵腳靠背椅","5","None","None","None"
"90","4261","117","屏風","5","None","None","None"
"91","4261","118","百葉簾 / 布簾","5","None","None","None"
"92","4261","119","電視機掛牆架","5","None","None","None"
"93","4261","002","課室傢具(幼稚園)","-1","None","None","None"
"94","4261","201","學生台","5","None","None","None"
"95","4261","202","學生椅","5","None","None","None"
"96","4261","203","教師台 / 鋼台連玻璃","5","None","None","None"
"97","4261","204","電腦台","5","None","None","None"
"98","4261","205","彎角控制台(中控教壇)","5","None","None","None"
"99","4261","206","四層書包柜","5","None","None","None"
"100","4261","207","三層玩具柜 / 三層書包柜","5","None","None","None"
"101","4261","208","故事柜 / 玩具柜","5","None","None","None"
"102","4261","209","圖書架 / 圖書柜","5","None","None","None"
"103","4261","210","36格膠柜桶柜","5","None","None","None"
"104","4261","211","掛牆柜","5","None","None","None"
"105","4261","212","木柜","5","None","None","None"
"106","4261","213","教壇","5","None","None","None"
"107","4261","214","黑白板 / 告示綠板","5","None","None","None"
"108","4261","215","壁報板(牆氈) / 水松板","5","None","None","None"
"109","4261","216","鐵腳膠椅 / 鐵腳靠背椅","5","None","None","None"
"110","4261","217","屏風","5","None","None","None"
"111","4261","218","百葉簾 / 布簾","5","None","None","None"
"112","4261","219","電視機掛牆架","5","None","None","None"
"113","4261","220","半圓台","5","None","None","None"
"114","4261","221","轉椅","5","None","None","None"
"115","4261","222","梳化床","5","None","None","None"
"116","4261","223","墊褥","5","None","None","None"
"117","4261","224","貨架","5","None","None","None"
"118","4261","225","地膠板","5","None","None","None"
"119","4261","226","地台夾板","5","None","None","None"
"120","4261","227","幼兒台","5","None","None","None"
"121","4261","009","課室傢具(黑沙環校部)","-1","None","None","None"
"122","4261","901","單位學生台椅","5","None","None","None"
"123","4261","902","學生椅","5","None","None","None"
"124","4261","903","課室教師台","5","None","None","None"
"125","4261","904","電腦台","5","None","None","None"
"126","4261","905","升降美術台椅","5","None","None","None"
"127","4261","906","玻璃鋼條型長","5","None","None","None"
"128","4261","907","辦公台","5","None","None","None"
"129","4261","908","辦公椅","5","None","None","None"
"130","4261","909","四門儲物柜","5","None","None","None"
"131","4261","910","電視機架","5","None","None","None"
"132","4261","911","白磁板","5","None","None","None"
"133","4261","912","百葉簾 / 布簾","5","None","None","None"
"134","4261","913","升降黑板","5","None","None","None"
"135","4261","914","黑白板","5","None","None","None"
"136","4261","915","壁報板(牆氈) / 水松板","5","None","None","None"
"137","4261","960","課室傢具(白馬行校部)","5","None","None","None"
"138","4261","961","台","5","None","None","None"
"139","4261","962","電腦台","5","None","None","None"
"140","4261","963","鋼台","5","None","None","None"
"141","4261","964","學生摺椅連活動台面板及書架","5","None","None","None"
"142","4261","965","升降書台椅","5","None","None","None"
"143","4261","966","文件柜 / 木柜","5","None","None","None"
"144","4261","967","三層柜","5","None","None","None"
"145","4261","968","摺椅","5","None","None","None"
"146","4261","969","整理箱 (米色)","5","None","None","None"
"147","4261","970","百葉簾 / 布簾","5","None","None","None"
"148","4262","000","辦公室傢具","-1","None","None","None"
"149","4262","001","辦公台","5","None","None","None"
"150","4262","002","辦公椅","5","None","None","None"
"151","4262","003","柜","5","None","None","None"
"152","4262","004","會議台或連椅","5","None","None","None"
"153","4262","005","梳化","5","None","None","None"
"154","4262","006","客椅 / 三位排椅 / 曲尺坐椅 / 長椅","5","None","None","None"
"155","4262","007","摺椅 / 圓台椅 / 白膠椅","5","None","None","None"
"156","4262","008","電腦台","5","None","None","None"
"157","4262","009","三斗 / 四斗保險卡箱","5","None","None","None"
"158","4262","010","屏風","5","None","None","None"
"159","4262","011","茶几 / 茶水柜 / 廚柜 / 餐台椅","5","None","None","None"
"160","4262","012","百葉簾 / 布簾","5","None","None","None"
"161","4262","013","壁報板(牆氈) / 水松板","5","None","None","None"
"162","4262","014","按摩椅","5","None","None","None"
"163","4262","015","白色鋁檯","5","None","None","None"
"164","4264","000","禮堂傢具","-1","None","None","None"
"165","4264","001","4尺長凳","5","None","None","None"
"166","4264","002","禮堂椅","5","None","None","None"
"167","4264","003","絨簾","5","None","None","None"
"168","4264","004","窗簾","5","None","None","None"
"169","4264","005","膠板木面鐵腳摺台(深木紋色)","5","None","None","None"
"170","4264","006","接椅連膠互扣","5","None","None","None"
"171","4269","000","其他傢具其他傢具(柜)","-1","None","None","None"
"172","4269","001","柜(18門儲物柜 / 四門柜 / 六格柜 / 八格柜 / 茶水柜 / 空格柜 / 書包柜 / 提琴柜 / 玻璃書柜 /","5","None","None","None"
"173","4269","002","鞋柜","5","None","None","None"
"174","4269","003","玻璃飾柜","5","None","None","None"
"175","4269","004","衣柜","5","None","None","None"
"176","4269","005","電視機柜","5","None","None","None"
"177","4269","003","其他傢具(台)","5","None","None","None"
"178","4269","031","灰色工作台","5","None","None","None"
"179","4269","032","木書台 / 六角電腦台 / 曲尺書台 / 四人書桌 / 六人書桌 / 閱覽台 / 電腦台","5","None","None","None"
"180","4269","033","會議台","0","None","None","None"
"181","4269","034","鋼台","5","None","None","None"
"182","4269","035","學生台","5","None","None","None"
"183","4269","036","玻璃纖維(黃,藍,綠色)","5","None","None","None"
"184","4269","037","32"" 防火板方槢台","5","None","None","None"
"185","4269","038","摺合式工作台(6' x 2' 櫸木色)","5","None","None","None"
"186","4269","039","方几","5","None","None","None"
"187","4269","040","長台","5","None","None","None"
"188","4269","041","六座位餐台","5","None","None","None"
"189","4269","006","其他傢具(椅)","-1","None","None","None"
"190","4269","061","戶外鐵椅","5","None","None","None"
"191","4269","062","座椅 (演講廳)","5","None","None","None"
"192","4269","063","轉椅","5","None","None","None"
"193","4269","064","灰色膠台","5","None","None","None"
"194","4269","065","灰色鐵腳膠椅 (復和會議室)","5","None","None","None"
"195","4269","066","梳化","5","None","None","None"
"196","4269","067","三層貨架 / 五層貨架","5","None","None","None"
"197","4269","068","摺椅車仔","5","None","None","None"
"198","4269","069","摺椅(白色)","5","None","None","None"
"199","4269","070","會議椅(綠色) (資源室)","5","None","None","None"
"200","4269","071","鐵腳靠背座椅","5","None","None","None"
"201","4269","072","圓疊台","5","None","None","None"
"202","4269","073","護脊座椅","5","None","None","None"
"203","4269","074","學生椅","5","None","None","None"
"204","4269","075","帶寫字板單椅","5","None","None","None"
"205","4269","076","椅(義工室)","5","None","None","None"
"206","4269","081","不鏽鋼架連兩面黑白板","5","None","None","None"
"207","4269","082","拋物台板連道軌和輪","5","None","None","None"
"208","4269","083","單面白板 / 黑白板","5","None","None","None"
"209","4269","089","台不銹鋼面板","5","None","None","None"
"210","4269","090","不銹鋼屏風","5","None","None","None"
"211","4269","091","四方形塑膠屏風","5","None","None","None"
"212","4269","092","活動屏風連不銹鋼腳","5","None","None","None"
"213","4269","093","活動屏風展板(3件組合)","5","None","None","None"
"214","4269","094","壁報板(牆氈) / 水松板","5","None","None","None"
"215","4269","095","單面書架","5","None","None","None"
"216","4269","097","棗紅絲絨簾幕","5","None","None","None"
"217","4269","098","窗簾 / 百葉簾 / 布簾","5","None","None","None"
"218","4269","099","風景捲簾","5","None","None","None"
"219","4269","101","考勤機箱","5","None","None","None"
"220","4269","102","顯示器木架/","5","None","None","None"
"221","4269","111","橡膠地氈","5","None","None","None"
"222","4269","112","PVC地膠","5","None","None","None"
"223","4269","116","掛牆木框書架及裝裱","5","None","None","None"
"224","4269","117","廣告相架","5","None","None","None"
"225","4269","118","A4插廣告牌","5","None","None","None"
"226","4269","119","便攜式活動展覽架","5","None","None","None"
"227","4269","151","鋁合金摺疊式台架","5","None","None","None"
"228","4269","152","伸縮紅繩帶欄杆座","5","None","None","None"
"229","4269","153","操場燈柱爬梯及圍架","5","None","None","None"
"230","4269","154","不台鋼旗桿","5","None","None","None"
"231","4269","155","摺台蓬(大型布帳)","5","None","None","None"
"232","4269","158","活動舞台板","5","None","None","None"
"233","4269","159","有轆二級梯夾板","5","None","None","None"
"234","4269","160","文儀手推車","5","None","None","None"
"235","4269","201","高壓清洗機","5","None","None","None"
"236","4269","202","單桶榨水車","5","None","None","None"
"237","4269","203","房務工具清潔車","5","None","None","None"
"238","4269","204","玻璃網垃圾桶","5","None","None","None"
"239","4269","205","擦地機連洗地刷,清潔劑水箱,清潔墊針座","5","None","None","None"
"240","4269","206","專業機車","5","None","None","None"
"241","4269","207","吸塵 / 吸水機","5","None","None","None"
"242","4269","209","鐵床","5","None","None","None"
"243","4269","210","病床","5","None","None","None"
"244","4269","301","磁控健身車","5","None","None","None"
"245","4269","302","高密度棉墊","5","None","None","None"
"246","4269","005","幼稚園","-1","None","None","None"
"247","4269","501","睡床 (幼稚園)","5","None","None","None"
"248","4269","502","小童床套裝 / 兒童床架(幼稚園)","5","None","None","None"
"249","4269","503","走廊不銹鋼門 (幼稚園)","5","None","None","None"
"250","4269","504","不銹鋼欄杆 (幼稚園)","5","None","None","None"
"251","4269","505","曬乾架","5","None","None","None"
"252","4269","007","圖書館","-1","None","None","None"
"253","4269","701","雙面書架","5","None","None","None"
"254","4269","702","單面架","5","None","None","None"
"255","4269","703","雜誌架","5","None","None","None"
"256","4269","704","木書柜","5","None","None","None"
"257","4269","705","兒童書架","5","None","None","None"
"258","4269","706","五層書架 / 書架","5","None","None","None"
"259","4269","707","兒童桌","5","None","None","None"
"260","4269","708","兒童椅","5","None","None","None"
"261","4269","709","單面圖書車","5","None","None","None"
"262","4269","710","子母豆袋梳化","5","None","None","None"
"263","4269","711","閱書台","5","None","None","None"
"264","4269","712","閱書椅","5","None","None","None"
"265","4269","713","廿格空格柜","5","None","None","None"
"266","4269","714","直立式活動白板(配不銹鋼活動架)","5","None","None","None"
"267","4269","715","水松板","5","None","None","None"
"268","4269","716","屏風","5","None","None","None"
"269","4269","717","辦公台椅","5","None","None","None"
"270","4269","008","史地室 / 實驗室","-1","None","None","None"
"271","4269","801","史地室天文儀射燈; 燈箱(世界時間顯示,歷史發展圖…); 老師台射燈","5","None","None","None"
"272","4269","802","理/化/生物實驗室傢具 (木柜; 天文望遠鏡櫃; 氣象儀器櫃; 老師教台; 學生椅; 教學白板)","5","None","None","None"
"273","4269","803","史地實驗室設備 (地理歷史教具(溶岩層,錢幣…); 地圖)","5","None","None","None"
"274","4271","000","資訊設備資訊設備(一般)","-1","None","None","None"
"275","4271","001","桌上電腦 (主機，滑鼠，鍵盤)","5","None","None","None"
"276","4271","002","手提電腦 (主機，電池，火牛，光盤)","5","None","None","None"
"277","4271","003","打印機 (針機 / 噴墨 / 雷射 / 多功能)","5","None","None","None"
"278","4271","004","掃瞄器","5","None","None","None"
"279","4271","005","伺服器 (主機)","5","None","None","None"
"280","4271","006","電腦熒幕 (CRT / LCD)","5","None","None","None"
"281","4271","007","手紋掃瞄器","5","None","None","None"
"282","4271","008","條碼掃瞄器 / Barcode Reader USB","5","None","None","None"
"283","4271","009","指紋考勤機","5","None","None","None"
"284","4271","010","多媒體投影機","5","None","None","None"
"285","4271","011","接觸式智能卡閱讀器《插入身份證辨認》","5","None","None","None"
"286","4271","012","大型外部儲存裝置","5","None","None","None"
"287","4271","013","大型外部儲存裝置硬盤","5","None","None","None"
"288","4271","014","平板電腦","5","None","None","None"
"289","4271","046","iPad","5","None","None","None"
"290","4271","001","《電腦配件》","-1","None","None","None"
"291","4271","101","底板 / 處理器 / 顯示卡","5","None","None","None"
"292","4271","102","鍵盤","5","None","None","None"
"293","4271","103","電腦機箱","5","None","None","None"
"294","4271","104","記憶體","5","None","None","None"
"295","4271","106","滑鼠","5","None","None","None"
"296","4271","108","內置硬盤","5","None","None","None"
"297","4271","109","光碟機 (CD-ROM / CD-RW / DVD)","5","None","None","None"
"298","4271","110","Zip Drive","5","None","None","None"
"299","4271","111","手寫板","5","None","None","None"
"300","4271","112","Lenten Reborn card","5","None","None","None"
"301","4271","113","外置硬盤","5","None","None","None"
"302","4271","114","後備供電電池","5","None","None","None"
"303","4271","002","《網路設備》","-1","None","None","None"
"304","4271","201","數據機","5","None","None","None"
"305","4271","202","網絡卡","5","None","None","None"
"306","4271","203","Hub","5","None","None","None"
"307","4271","204","路由器","5","None","None","None"
"308","4271","205","網絡儀器","5","None","None","None"
"309","4271","206","Ethernet Switch 48 10/100 Base-TX","5","None","None","None"
"310","4271","207","防火牆  - NetScreen","5","None","None","None"
"311","4271","208","無線網絡","5","None","None","None"
"312","4271","209","網路存取裝置","5","None","None","None"
"313","4271","210","流動上網裝置(MyID)《無線設備》","5","None","None","None"
"314","4271","211","無線存取點","5","None","None","None"
"315","4271","212","控制器Controller","5","None","None","None"
"316","4271","213","交換器Switch","5","None","None","None"
"317","4271","214","Access Point Wall / Ceiling Mounting","5","None","None","None"
"318","4271","003","《打印機配件》","-1","None","None","None"
"319","4271","301","Auto Switch","5","None","None","None"
"320","4271","302","Banner Paper Holder","5","None","None","None"
"321","4271","004","《考勤系統》","-1","None","None","None"
"322","4271","401","Targa Office Station 考勤系統《主機分享設備》","5","None","None","None"
"323","4271","402","非接觸式智能卡(Blank Smart Card)《MY IT-School》","5","None","None","None"
"324","4271","403","資訊亭(15""LCD輕觸式屏幕)連網絡鏡頭 (主機+輕觸式屏+非接觸式智能卡)","5","None","None","None"
"325","4271","404","MyIT-School 考勤系統《軟件系統》","5","None","None","None"
"326","4271","405","Card Reader《MY IT-School》","5","None","None","None"
"327","4271","406","Web Cam《MY IT-School》","5","None","None","None"
"328","4271","407","Dongle (棒型外置記憶體)《MY IT-School》","5","None","None","None"
"329","4272","000","辦公室設備","-1","None","None","None"
"330","4272","001","獎牌機","5","None","None","None"
"331","4272","002","碎紙機","5","None","None","None"
"332","4272","003","過膠機","5","None","None","None"
"333","4272","004","速印釘裝機","5","None","None","None"
"334","0","000","","-1","None","None","None"
"335","4272","006","標籤機","5","None","None","None"
"336","4272","007","字機","5","None","None","None"
"337","4272","008","傳真機","5","None","None","None"
"338","4272","009","摺信機","5","None","None","None"
"339","4272","010","夾萬","5","None","None","None"
"340","4273","000","冷氣機及同類機器","-1","None","None","None"
"341","4273","001","冷氣機","5","None","None","None"
"342","4273","002","抽風系統","5","None","None","None"
"343","4273","003","冷氣機節能裝置","5","None","None","None"
"344","4274","000","視聽器材及實驗室儀器","-1","None","None","None"
"345","4274","001","數碼相機","5","None","None","None"
"346","4274","002","數碼攝錄機 / 實物攝錄機","5","None","None","None"
"347","4274","003","電視機 / LCD電視機","5","None","None","None"
"348","4274","004","錄影機","5","None","None","None"
"349","4274","005","DVD機","5","None","None","None"
"350","4274","006","CD機 / VCD機 / 錄音機 / 小型音響組合","5","None","None","None"
"351","4274","007","擴音機 / 擴音喇叭","5","None","None","None"
"352","4274","008","有線咪","5","None","None","None"
"353","4274","009","無線咪","5","None","None","None"
"354","4274","010","咪架","5","None","None","None"
"355","4274","011","咪夾","5","None","None","None"
"356","4274","012","大型音響及喇叭系統","5","None","None","None"
"357","4274","013","幻燈片機","5","None","None","None"
"358","4274","014","流動式紅外線語言聆聽系統","5","None","None","None"
"359","4274","015","紅外線發射主機","5","None","None","None"
"360","4274","016","廣播系統","5","None","None","None"
"361","4274","017","校內打鐘系統","5","None","None","None"
"362","4274","018","搶答機","5","None","None","None"
"363","4274","019","耳筒","5","None","None","None"
"364","4274","020","燈光設備","5","None","None","None"
"365","4274","021","監聽音箱","5","None","None","None"
"366","4274","001","天文儀器","-1","None","None","None"
"367","4274","101","圓頂天文台/ 天文望遠鏡/ 望遠鏡台架","5","None","None","None"
"368","4274","102","天文照相機","5","None","None","None"
"369","4274","103","天文儀","5","None","None","None"
"370","4274","104","中國地形圖","5","None","None","None"
"371","4274","105","遙控氣象站","5","None","None","None"
"372","4274","106","星空投影機","5","None","None","None"
"373","4274","002","實驗室儀器及工具","-1","None","None","None"
"374","4274","201","電子顯微鏡連配件","5","None","None","None"
"375","4274","202","電泳教學儀器組","5","None","None","None"
"376","4274","203","PH計","5","None","None","None"
"377","4274","204","光照培養箱","5","None","None","None"
"378","4274","205","傳感器","5","None","None","None"
"379","4274","206","組織細胞切片機","5","None","None","None"
"380","4274","207","抽風柜","5","None","None","None"
"381","4274","208","電磁加熱器","0","None","None","None"
"382","4274","003","護理室儀器","5","None","None","None"
"383","4274","311","測溫篩檢儀","5","None","None","None"
"384","0","000","","5","None","None","None"
"385","4274","313","長脊板","5","None","None","None"
"386","4274","314","可調式頸托","5","None","None","None"
"387","4274","315","蜘蛛帶","5","None","None","None"
"388","4274","316","AED(自動除顫機)","5","None","None","None"
"389","4274","317","耳溫探測器","5","None","None","None"
"390","4274","318","五官檢查儀","5","None","None","None"
"391","4274","319","成人心肺復甦器","5","None","None","None"
"392","4276","000","課室設備","5","None","None","None"
"393","4276","001","課室對講機系統","5","None","None","None"
"394","4278","000","廚房設備","5","None","None","None"
"395","4278","001","消毒柜","5","None","None","None"
"396","4278","002","咖啡台","5","None","None","None"
"397","4278","003","合金煲","5","None","None","None"
"398","4278","004","高速爐 / 生鐵爐 / 三頭爐 / 矮仔爐","5","None","None","None"
"399","4278","005","蒸櫃及蒸櫃風機","5","None","None","None"
"400","4278","006","熱水罅","5","None","None","None"
"401","4278","007","急凍肉櫃","5","None","None","None"
"402","4278","008","焗爐","5","None","None","None"
"403","4278","009","3管咖啡爐","5","None","None","None"
"404","4278","010","工作台(連雪櫃 / 地櫃) / 工作台連星盆","5","None","None","None"
"405","4278","011","電熱水器","5","None","None","None"
"406","4278","012","托盤 (餐具)","5","None","None","None"
"407","4278","013","掛牆櫃(吊櫃)","5","None","None","None"
"408","4278","014","玻璃纖維台","5","None","None","None"
"409","4278","015","抽油煙機","5","None","None","None"
"410","4278","016","滅蚊燈","5","None","None","None"
"411","4278","017","獨立飲水系統","5","None","None","None"
"412","4278","018","雙管濾水器","5","None","None","None"
"413","4278","019","不鏽鋼蒸櫃下座連不鏽鋼水膽","5","None","None","None"
"414","4278","020","不鏽鋼焗爐角鐵架","5","None","None","None"
"415","4280","000","教學設備","-1","None","None","None"
"416","4280","001","直立式 / 三角鋼琴","5","None","None","None"
"417","4280","002","電鋼琴","5","None","None","None"
"418","4280","003","電子琴","5","None","None","None"
"419","4280","004","大提琴 (配件有: 弦線/ 弓/ 肩托)","5","None","None","None"
"420","4280","005","中提琴 (配件有: 弦線/ 弓/ 肩托)","5","None","None","None"
"421","4280","006","小提琴 (配件有: 弦線/ 弓/ 肩托)","5","None","None","None"
"422","4280","007","銅片琴","5","None","None","None"
"423","4280","008","低音提琴 (配件有: 提琴架)","5","None","None","None"
"424","4280","009","長笛","5","None","None","None"
"425","4280","010","大號","5","None","None","None"
"426","4280","011","結他擴音器","5","None","None","None"
"427","4280","012","流動擴音器","5","None","None","None"
"428","4280","013","音響教板","5","None","None","None"
"429","4280","014","防潮管","5","None","None","None"
"430","4280","015","單簧管","5","None","None","None"
"431","4280","016","小號","5","None","None","None"
"432","4280","017","短笛","5","None","None","None"
"433","4280","018","中音薩克管","5","None","None","None"
"434","4280","019","次中音薩克管","5","None","None","None"
"435","4280","020","圓號","5","None","None","None"
"436","4280","021","長號","5","None","None","None"
"437","4280","022","雙簧管","5","None","None","None"
"438","4280","023","上低音號","5","None","None","None"
"439","4280","024","低音號","5","None","None","None"
"440","4280","025","低音薩克管","5","None","None","None"
"441","4280","026","巴松管","5","None","None","None"
"442","4280","027","木管","5","None","None","None"
"443","4280","028","雙擊木","5","None","None","None"
"444","4280","029","小鼓","5","None","None","None"
"445","4280","030","小鼓架","5","None","None","None"
"446","4280","031","搖鼓","5","None","None","None"
"447","4280","032","大鈴鼓","5","None","None","None"
"448","4280","033","搖鈴 / 馬鈴","5","None","None","None"
"449","4280","034","木魚","5","None","None","None"
"450","4280","035","沙錘(沙鎚)","5","None","None","None"
"451","4280","036","銅鑼","5","None","None","None"
"452","4280","037","銅鑼架","5","None","None","None"
"453","4280","038","低音鼓","5","None","None","None"
"454","4280","039","低音鼓架","0","None","None","None"
"455","4280","040","鐃鈸","5","None","None","None"
"456","4280","041","鐃鈸架","5","None","None","None"
"457","4280","042","鈸","5","None","None","None"
"458","4280","043","三角鐵","5","None","None","None"
"459","4280","044","爵士鼓","5","None","None","None"
"460","4280","045","鼓台","5","None","None","None"
"461","4280","046","連體鼓","5","None","None","None"
"462","4280","047","鐵琴","5","None","None","None"
"463","4280","048","鐵琴架","5","None","None","None"
"464","4280","049","木琴","5","None","None","None"
"465","4280","050","鋁片琴","5","None","None","None"
"466","4280","051","低音木琴","5","None","None","None"
"467","4280","052","定音鼓","5","None","None","None"
"468","4280","053","鐵片琴 / 鋼片琴","5","None","None","None"
"469","4280","054","手鈴","5","None","None","None"
"470","4280","055","響木(雙棍)","5","None","None","None"
"471","4280","056","刮瓜","5","None","None","None"
"472","4280","057","木片琴","5","None","None","None"
"473","4280","058","法國號","5","None","None","None"
"474","4284","000","電腦程序","-1","None","None","None"
"475","4284","001","會計系統","5","None","None","None"
"476","4284","002","Z+Z智能教育平台超級畫板","5","None","None","None"
"477","4284","003","Art Explosion","5","None","None","None"
"478","4284","004","CorelDRAW Graphics Suite 11 Academic License Chinese","5","None","None","None"
"479","4284","005","EI Office 2004","5","None","None","None"
"480","4284","006","Flash MX License Traditional Chinese for Windows - Level A","5","None","None","None"
"481","4284","007","FreeHand MX License Traditional Chinese for Windows - Level A","5","None","None","None"
"482","4284","008","FreeHand MX Traditional Chinese for Macintosh","5","None","None","None"
"483","4284","009","Illustrator CS2","5","None","None","None"
"484","4284","010","Illustrator V10 Traditional Chinese for Windows","5","None","None","None"
"485","4284","011","Kaspersky Anti-virus (for Novel & Linux Server)","5","None","None","None"
"486","4284","012","McAfee Total Virus Defense Suite Chinese","5","None","None","None"
"487","4284","013","Mac OS x10.5.1","5","None","None","None"
"488","4284","014","PageMaker V6.5 Traditional Chinese for Windows","5","None","None","None"
"489","4284","015","PhotoImpact 8","5","None","None","None"
"490","4284","016","Photoshop 7.0 Traditional Chinese for Macintosh","5","None","None","None"
"491","4284","017","Photoshop CS2 9.0","5","None","None","None"
"492","4284","018","PrintShop Mail 5.1","5","None","None","None"
"493","4284","019","Phoenix Recover Pro 6","5","None","None","None"
"494","4284","020","Premiere 7.0 Pro English for Windows","5","None","None","None"
"495","4284","021","文鼎字型香港普及版2005","5","None","None","None"
"496","4284","022","VStudio NET Pro 2003 Win32 ChnTrad AE CD","5","None","None","None"
"497","4284","023","非常好色5(師生版)","5","None","None","None"
"498","4284","024","Studio MX 2004 Trad. Chinese School Site License","5","None","None","None"
"499","4284","025","Office 2003 Win32 ChnTrad OLP NL AE","5","None","None","None"
"500","4284","026","Win XP Pro Chinese","5","None","None","None"
"501","4284","027","MS Office Pro+ 2007 OLP NL AE","5","None","None","None"
"502","4284","028","Websense 使用軟件 (MS SQL SVR 2005 Chi CD)","5","None","None","None"
"503","4284","029","TI-Nspire CAS (數學組使用)","5","None","None","None"
"504","4284","030","SLS 圖書館自動化系統V6.0","5","None","None","None"
"505","4284","031","標籤印刷軟件","5","None","None","None"
"506","4284","032","快碼輸入軟件","5","None","None","None"
"507","4284","033","MyIT-School (學校行政方案- 內聯網系統/ MyProfile+ 3.0/ 學校行政及用戶管理平台/ 內聯網流動點名系統/ Smiling Learning & Teaching System 學與教方案學習室/ MyIT-File Manager Application)","5","None","None","None"
"508","4284","034","寫譜編曲軟件(Sibelius 6)","5","None","None","None"
"509","4284","035","機械人設計應用程式 (Ft Designer Programme - CAD)","5","None","None","None"
"510","4284","036","意念圖庫80集","5","None","None","None"
"511","4284","037","MS Office Pro+ 2010 SNGL OLP NL Acdmc","5","None","None","None"
"512","4284","038","Kaspersky Security (for MS Windows)","5","None","None","None"
"513","4284","039","WinPro 7 SNGL Upgrd OLP NL Acdmc","5","None","None","None"
"514","4284","040","Myit-Farm 模擬農場平台 + 中/英/數選擇題(共1000題)","5","None","None","None"
"515","4284","041","MS WIN SVR STD 2008R2 SNGL OLP NL AE (For Server)","5","None","None","None"
"516","4284","042","DataCap Test Any Time","5","None","None","None"
"517","4284","043","SLS 圖書館自動化系統 V6.3 升級版 (由6.0 Basic 級升級)","5","None","None","None"
"518","4284","044","Adobe InDesign CS69 Multiple Platforms AOO Chinese Traditional","5","None","None","None"
"519","4284","045","Symatic EndPoint Protection 12.1 Per User BNDL STD","5","None","None","None"
"520","4293","000","影印機","-1","None","None","None"
"521","4293","001","影印機","5","None","None","None"
"522","4293","002","印刷機","5","None","None","None"
"523","4293","003","製板機","5","None","None","None"
"524","4295","000","電器設備","-1","None","None","None"
"525","4295","001","雪柜","5","None","None","None"
"526","4295","002","空氣清新機","5","None","None","None"
"527","4295","003","抽濕機","5","None","None","None"
"528","4295","004","自動噴酒精機","5","None","None","None"
"529","4295","005","風扇 / 吊扇 / 掛扇","5","None","None","None"
"530","4295","006","熱水爐","5","None","None","None"
"531","4295","007","噴水式水龍頭","5","None","None","None"
"532","4295","008","充油式暖爐","5","None","None","None"
"533","4295","009","洗衣機","5","None","None","None"
"534","4295","010","吸塵機","5","None","None","None"
"535","4295","011","座台式蛋糕陳列柜","0","None","None","None"
"536","4295","012","紫外線冷熱水機","5","None","None","None"
"537","4295","013","紫外線殺菌瀘水器","5","None","None","None"
"538","4295","014","紫外光殺菌燈車","5","None","None","None"
"539","4295","015","微波爐","5","None","None","None"
"540","4295","016","電暖爐","5","None","None","None"
"541","4295","017","熨斗","5","None","None","None"
"542","4295","018","咖啡機","0","None","None","None"
"543","4295","019","沙冰機","5","None","None","None"
"544","4295","020","磨豆機","5","None","None","None"
"545","4295","021","電水壺","5","None","None","None"
"546","4295","022","支票機","5","None","None","None"
"547","4295","023","iPod touch","5","None","None","None"
"548","4295","024","電飯煲","5","None","None","None"
"549","4295","025","食物陳列柜","5","None","None","None"
"550","4296","000","教具器材設備","-1","None","None","None"
"551","4296","001","多媒體投影機 / 無線投影機 / 實物攝像機/ 數字展台(實物投影機)","5","None","None","None"
"552","4296","002","電動白幕 / 電動銀幕","5","None","None","None"
"553","4296","003","電子白板","5","None","None","None"
"554","4296","004","中央控制系統","5","None","None","None"
"555","4296","005","無線手寫板","5","None","None","None"
"556","4296","006","投票系統","5","None","None","None"
"557","4296","007","易教學系統","5","None","None","None"
"558","4296","008","裁判器 / 拖線盤","5","None","None","None"
"559","4296","009","柔道 / 體操用具","5","None","None","None"
"560","4296","010","器械 (啞呤/ 划船器/ 推胸架)","5","None","None","None"
"561","4296","011","陶瓷製作設備 (燒台/ 拉胚機/ 泥條機/ 乾燥架/ 電爐)","5","None","None","None"
"562","4296","012","籃球架","5","None","None","None"
"563","4296","013","乒乓球台","5","None","None","None"
"564","4296","014","電視機/ 攝像機承托架","5","None","None","None"
"565","4296","015","電子白板架","5","None","None","None"
"566","4296","016","投影機幕","5","None","None","None"
"567","4296","017","健身器械 (磁控單車/ 划艇/ 電動跑步機)","5","None","None","None"
"568","4296","018","三摺地墊","5","None","None","None"
"569","4296","019","意大利版畫機連腳架","5","None","None","None"
"570","4296","020","日本版畫機無腳架","5","None","None","None"
"571","4296","021","畫板整理箱(滾筒保護箱)","5","None","None","None"
"572","4296","022","作品乾燥棚(晾乾架)","5","None","None","None"
"573","4296","023","Annotation Pod 投射器","5","None","None","None"
"574","6112","000","教材教具","-1","None","None","None"
"575","6112","001","辭典機","5","None","None","None"
"576","6112","002","激光筆","5","None","None","None"
"577","6112","003","錄音筆","5","None","None","None"
"578","6113","000","體育用品","-1","None","None","None"
"579","6113","001","籃球架","5","None","None","None"
"580","6315","000","易損耗工具及","-1","None","None","None"
"581","6315","001","錄音筆","0","None","None","None"
"582","6315","002","電子光筆","5","None","None","None"
"583","6315","003","錄音咪","5","None","None","None"
"584","6315","004","LED 電子板","5","None","None","None"
"585","6315","005","耳機麥克風 (headset)","5","None","None","None"
"586","6315","006","風筒","5","None","None","None"
"587","6315","007","抽氣扇","5","None","None","None"
"588","6315","008","電話","5","None","None","None"
"589","6315","009","電熱水瓶","5","None","None","None"
"590","6315","010","冷熱飲水機","5","None","None","None"
"591","6315","011","風扇(掛牆 / 落地 / 樓底扇)","5","None","None","None"
"592","6315","012","吸塵機","5","None","None","None"
"593","6315","013","暖爐","5","None","None","None"
"594","6315","014","熱水爐","5","None","None","None"
"595","6315","015","垃圾桶(細)","5","None","None","None"
"596","6315","016","級梯","5","None","None","None"
"597","6315","017","膠箱","5","None","None","None"
"598","6315","018","雜誌架","5","None","None","None"
"599","6315","019","蚊管 / 蚊燈","5","None","None","None"
"600","6315","020","欄杆座 / 伸縮紅繩帶欄杆座","5","None","None","None"
"601","6315","021","台燈","5","None","None","None"
"602","6315","022","餐車","5","None","None","None"
"603","6315","023","鏡框","5","None","None","None"
"604","6315","024","海報架 / 掛牆木框書架及裝裱 / 廣告相架 / A4插廣告牌","5","None","None","None"
"605","6315","025","萬能線鋸機","5","None","None","None"
"606","6315","026","砂帶機","5","None","None","None"
"607","6315","027","對講機","5","None","None","None"
"608","6743","000","護理室儀器及","-1","None","None","None"
"609","6743","001","手提紅外線溫度測量槍(額頭測溫機)","5","None","None","None"
"610","6743","002","免接觸額頭探熱器","5","None","None","None"
"611","6743","003","輪椅","5","None","None","None"
"612","6743","004","紫外光殺菌燈車","5","None","None","None"
"613","6743","005","耳探式電子溫度計","5","None","None","None"
"614","6743","006","臂血壓計","5","None","None","None"
"615","63162","000","辦公室及電腦","-1","None","None","None"
"616","63162","001","鍵盤","5","None","None","None"
"617","63162","002","滑鼠","5","None","None","None"
"618","63162","003","內置硬盤","5","None","None","None"
"619","63162","004","內置DVD光碟機","5","None","None","None"
"620","63162","005","外置DVD光碟機","5","None","None","None"
"621","63162","006","視像鏡頭","5","None","None","None"
"622","63162","007","USB","5","None","None","None"
"623","63162","008","手寫板","5","None","None","None"
"624","63162","009","簡報搖控","5","None","None","None"
"625","63162","011","標籤機","5","None","None","None"
"626","63162","012","過膠機","5","None","None","None"
"627","63162","013","滾軸裁紙刀 / 切紙刀","5","None","None","None"
"628","63162","014","啪釘機","5","None","None","None"
"629","63162","015","計算機","5","None","None","None"
"630","63162","016","記憶體","5","None","None","None"
"631","63162","017","外置硬盤","5","None","None","None"
"632","0","000","","0","None","None","None"
"633","0","000","","0","None","None","None"
"634","0","000","","0","None","None","None"
"635","0","000","","0","None","None","None"
"636","0","000","","0","None","None","None"
"637","0","000","","0","None","None","None"
"638","0","000","","0","None","None","None"
"639","0","000","","0","None","None","None"
"640","0","000","","0","None","None","None"
"641","0","000","","0","None","None","None"
"642","0","000","","0","None","None","None"
"643","0","000","","0","None","None","None"
"644","0","000","","0","None","None","None"
"645","0","000","","0","None","None","None"
"646","0","000","","0","None","None","None"
"647","0","000","","0","None","None","None"
"648","0","000","","0","None","None","None"
"649","0","000","","0","None","None","None"
"650","0","000","","0","None","None","None"